Date,gap_pct,vol_ratio,close_strength,Close,Open,ticker,surprise
2021-10-07,4.998489714879357,8.765974052130272,0.9337065002257043,2336.913330078125,2218.510679552377,TITAN.NS,4.998489714879357
2021-10-25,5.3602011783799925,8.744203953221097,0.6311953819585427,809.6397705078125,769.5281062285807,ICICIBANK.NS,5.3602011783799925
2022-01-07,4.369892678346297,5.610095452142926,0.6230544299414051,695.4962158203125,643.4256731244508,KPITTECH.NS,4.369892678346297
2022-04-28,5.225706858738918,4.360304479316811,0.7297330729126434,2084.495849609375,2075.473152265128,PERSISTENT.NS,5.225706858738918
2022-05-13,4.292244422247831,3.7093443213710797,0.8713100331608459,7489.91943359375,6818.816886650633,TATAELXSI.NS,4.292244422247831
2022-05-13,4.785307495708326,7.5943853628735,0.8520249033521428,645.2000122070312,575.9000244140625,POLICYBZR.NS,4.785307495708326
2022-05-26,4.410184623072488,15.730170587555516,0.8323621007798252,1378.9930419921875,1307.7129638131232,TORNTPHARM.NS,4.410184623072488
2022-06-14,9.340060994217957,3.8424048890666715,0.6489357939683602,2191.5576171875,2268.934932401017,ADANIENT.NS,9.340060994217957
2022-07-29,5.9801056080153625,8.466728110885505,0.8383055784318283,1284.817138671875,1253.3517519054053,SBILIFE.NS,5.9801056080153625
2022-10-21,4.1472423043078095,5.345969739308336,0.8883355361785497,897.3289794921875,857.1663843034996,AXISBANK.NS,4.1472423043078095
2022-11-09,4.635821422509712,16.268952626501697,0.7408112853254228,3578.6416015625,3407.101496192566,PIIND.NS,4.635821422509712
2022-11-14,5.034929497966906,5.3552657973921765,0.7736851450319515,4218.18115234375,4262.699780531114,PFIZER.NS,5.034929497966906
2023-02-08,4.994907515039474,5.726019502164931,0.7375001453130208,675.9500122070312,618.0,PAYTM.NS,4.994907515039474
2023-03-02,5.9828991118658985,12.57073204538591,0.6754389075083522,63.18750762939453,59.67441556689305,RVNL.NS,5.9828991118658985
2023-04-24,7.344634726361615,6.994462212781057,0.6602970638032564,540.4752807617188,543.8807165352497,HDFCLIFE.NS,7.344634726361615
2023-04-28,5.685499190264154,8.705592699407212,0.6501687289059279,3347.181640625,3204.274934443788,PIIND.NS,5.685499190264154
2023-07-04,4.32292580716857,5.705710538628074,0.8062463013224983,772.572998046875,751.88870402524,BAJFINANCE.NS,4.32292580716857
2023-10-23,4.712034650698469,13.52862507169259,0.7998035375067436,992.7393188476562,974.0534084511448,IPCALAB.NS,4.712034650698469
2023-11-06,4.212356316616141,15.80654677701216,0.904392479564461,507.9077758789063,477.9810651629944,AARTIIND.NS,4.212356316616141
2023-12-04,4.493835618056129,2.6476946874128537,0.8108669702131814,867.0064086914062,853.5372704487045,ADANIPORTS.NS,4.493835618056129
2024-01-12,4.5375598680529965,3.8951314542029802,0.91613415257987,1486.2188720703125,1439.450552270239,INFY.NS,4.5375598680529965
2024-01-18,9.999593640495712,18.674307913033882,0.9248056374625212,5886.04638671875,5031.128435535196,OFSS.NS,9.999593640495712
2024-01-23,4.296086155752313,4.631718351042157,0.7158084169770104,1369.5379638671875,1346.2101348162205,CIPLA.NS,4.296086155752313
2024-04-22,4.878697603800592,4.114852124952261,0.8094857734853791,1366.1787109375,1347.2636581907752,VOLTAS.NS,4.878697603800592
2024-05-21,4.298484378646447,7.431685102138207,0.907572506424593,337.5948791503906,299.61235618224504,RVNL.NS,4.298484378646447
2024-06-03,7.242346962204051,2.773810314965751,0.9291126878462201,373.5050964355469,367.0226304439568,NTPC.NS,7.242346962204051
2024-08-07,5.376870455223544,3.2460539900847434,0.6794500473163184,1513.5,1512.0,POLICYBZR.NS,5.376870455223544
2024-08-12,4.979536760716632,13.047015215136177,0.8854285949579412,1568.836669921875,1487.0019476637676,VOLTAS.NS,4.979536760716632
2024-08-20,4.182175136890798,7.088062046802981,0.7674649883469457,4699.00830078125,4540.345671810297,KEI.NS,4.182175136890798
2024-10-23,4.887462626025881,3.1147124648922597,0.6258787212237805,745.0999755859375,720.0,PAYTM.NS,4.887462626025881
2024-10-31,9.998242667735333,8.776600425744137,0.7035494755148394,1521.078857421875,1529.2148514853711,CIPLA.NS,9.998242667735333
2024-11-07,4.999928194352311,12.318822425439958,0.7917849634880276,7395.0673828125,7287.151901346388,APOLLOHOSP.NS,4.999928194352311
2025-01-16,5.364352452348182,6.386664828249881,0.8590833114562884,407.73187255859375,388.59233642821897,RVNL.NS,5.364352452348182
2025-01-20,7.471847484852165,3.096014290681939,0.8528947524851568,382.9964294433594,376.9139495680543,KOTAKBANK.NS,7.471847484852165
2025-01-23,5.855482212476482,4.990337831835454,0.815017449712199,1809.8460693359373,1714.113481737869,COFORGE.NS,5.855482212476482
2025-02-17,9.016350130518934,9.241289843392385,0.757236425098011,2252.78515625,2117.7287018450647,GLAXO.NS,9.016350130518934
2025-03-05,4.418083529985077,6.912557280097935,0.6209485784529412,1541.1693115234375,1485.3245497144426,COFORGE.NS,4.418083529985077
2025-04-23,5.074667591978699,3.413357968425538,0.8934281563543763,1495.82958984375,1459.231500757234,HCLTECH.NS,5.074667591978699
2025-05-12,4.611577681940715,2.7113764935234976,0.8667960423421001,356.4617004394531,335.1900143465299,RVNL.NS,4.611577681940715
2025-08-14,8.769277350427862,23.58412833075229,0.668996784621673,2734.2802734375,2707.110107655979,MUTHOOTFIN.NS,8.769277350427862
2025-08-18,5.929189857761286,7.912812144885646,0.876355748371201,14068.0,13703.0,MARUTI.NS,5.929189857761286
2025-09-10,5.94318280388475,17.209634046401856,0.9241164241144166,8868.9716796875,8532.478232074553,OFSS.NS,5.94318280388475
2025-10-30,4.496924620060231,6.3105126224220776,0.9247685397659815,1844.5,1800.9000244140625,POLICYBZR.NS,4.496924620060231
2025-11-14,7.571245305190827,8.458638779680435,0.8320005580309194,3694.362548828125,3619.39632536128,MUTHOOTFIN.NS,7.571245305190827
2026-02-03,7.747815936906521,4.494426174514411,0.6989260655747583,2201.61572265625,2149.039132772103,ADANIENT.NS,7.747815936906521
2026-02-03,5.281155386657739,5.570757557593361,0.8963219713984739,1524.3756103515625,1471.0004607739293,ADANIPORTS.NS,5.281155386657739
2026-02-09,5.02625106619858,4.192127713662406,0.9191919191730151,1125.708984375,1100.1693390052355,SBIN.NS,5.02625106619858
2026-05-06,7.9055288191177935,9.948253627573534,0.6850712325959083,1274.4990234375,1255.3874378935254,COFORGE.NS,7.9055288191177935
2026-07-23,4.128651737167082,10.554598728389614,0.6213991769543064,10843.0,11299.0,OFSS.NS,4.128651737167082
